"","category","optimal_discount","mean_profit"
"1","Beauty","0",12.8573240699238
"2","Electronics","0",60.0689645776567
"3","Fashion","0",22.5703933390755
"4","Grocery","0",-2.22536574284416
"5","Home","0",50.4391335740072
"6","Sports","0",41.1383376623377
"7","Toys","0.05",8.63447403462051
