"","region","avg_delivery_time","total_orders","total_returns","return_rate"
"1","East",5.98884704519119,6904,408,0.0590961761297798
"2","South",5.00540611814346,7584,431,0.0568301687763713
"3","West",5.00088131609871,6808,371,0.0544947121034078
"4","Central",4.00639204545455,5632,287,0.0509588068181818
"5","North",3.98468040147913,7572,406,0.0536185948230322
