"delivery_method","metric","value","contribution"
"Standard Delivery","Mean Total Amount",170.320734869747,0.501724036788425
"Standard Delivery","Mean Profit Margin",28.2416140253785,0.504186501750342
"Standard Delivery","Mean Quantity",1.48906985017986,0.498960670740491
"Slow Delivery","Mean Total Amount",169.150214060632,0.498275963211575
"Slow Delivery","Mean Profit Margin",27.7726067586657,0.495813498249658
"Slow Delivery","Mean Quantity",1.49527328045203,0.501039329259509
