"age_group","mean_total","mean_profit","mean_quantity","total_returns"
"Young Adults",178.821230653077,29.4179558323896,1.50094375235938,290
"Middle-Aged",171.333811910969,28.2105323841989,1.48245438139162,566
"Older Adults",169.56334601141,27.9744780302272,1.48863977579822,547
"Seniors",164.004258958536,27.4221305618707,1.49604850059543,500
