"category","mean_total","mean_profit","mean_quantity"
"Electronics",537.088430420712,55.7235873786408,1.51181229773463
"Home",196.406327683616,47.8647166028795,1.4997266265719
"Sports",151.001088467993,38.4851138815632,1.49700311675857
"Fashion",75.3990725935401,20.5971618164375,1.46274384393988
"Beauty",37.2945113331709,11.990394833049,1.4920789666098
"Toys",31.0840122439369,7.92777254532611,1.48646103131622
"Grocery",20.2071241991129,-2.26415968457368,1.48620009857072
