"customer_gender","mean_total","mean_profit","mean_quantity"
"Male",171.248027590435,28.3897302268547,1.48743102391171
"Female",169.657329052206,28.0036835533357,1.49726483529552
"Other",159.577813411079,26.2514285714286,1.4497084548105
