"delivery_method","mean_total","mean_profit","mean_quantity","total_returns"
"Standard Delivery",170.320734869747,28.2416140253785,1.48906985017986,1384
"Slow Delivery",169.150214060632,27.7726067586657,1.49527328045203,519
