"discount","mean_total","mean_profit","mean_quantity","total_returns"
0,178.942653255188,30.0713728285548,1.49464068852632,1025
0.05,165.480940738342,27.4646437823834,1.49919041450777,372
0.1,161.617446501563,26.0412551094013,1.48713633084876,227
0.15,156.427259391771,24.9516601073345,1.46368515205725,160
0.2,145.68920671685,22.6705848291836,1.47886508396063,89
0.3,132.530454545455,19.4296448863636,1.46875,30
