"payment_method","mean_total","mean_profit","mean_quantity"
"COD",172.012475961538,27.9309158653846,1.48149038461538
"UPI",171.713897978826,28.1769297401347,1.51299326275265
"Debit Card",171.688532627866,28.3437248677249,1.47924750146972
"Credit Card",169.004716516023,28.0931963845522,1.49884963023829
"PayPal",167.399337979094,27.7046225319396,1.47502903600465
"Wallet",165.886924939467,28.2572300242131,1.49007263922518
