"region","mean_total","mean_profit","mean_quantity"
"West",174.258299059929,28.9932035840188,1.47752643948296
"South",171.162456487342,27.8324327531646,1.48918776371308
"East",170.384523464658,28.2496002317497,1.50275202780997
"Central",166.992787642045,28.05818359375,1.49005681818182
"North",166.93190042261,27.5348098256735,1.49366085578447
